{"stats":{"minecraft:killed":{"minecraft:pig":3,"minecraft:salmon":11,"ultimateweapnsmod:ender_assasin":1,"minecraft:spider":1,"minecraft:cow":4},"minecraft:custom":{"minecraft:time_since_rest":46659,"minecraft:sprint_one_cm":69460,"minecraft:damage_taken":245,"minecraft:walk_one_cm":19592,"minecraft:mob_kills":21,"minecraft:damage_dealt":1653,"minecraft:swim_one_cm":10392,"minecraft:interact_with_crafting_table":3,"minecraft:fly_one_cm":85742,"minecraft:play_one_minute":46659,"minecraft:sneak_time":98,"minecraft:walk_under_water_one_cm":9818,"minecraft:jump":408,"minecraft:leave_game":3,"minecraft:time_since_death":46659,"minecraft:walk_on_water_one_cm":15136,"minecraft:fall_one_cm":6562},"minecraft:picked_up":{"minecraft:salmon":11,"minecraft:leather":3,"minecraft:porkchop":5,"minecraft:oak_log":6,"minecraft:string":2,"minecraft:dirt":15,"minecraft:rotten_flesh":2,"ultimateweapnsmod:ender_dust":1,"minecraft:beef":8,"minecraft:cobblestone":12,"minecraft:egg":3},"minecraft:mined":{"minecraft:seagrass":2,"minecraft:tall_seagrass":2,"minecraft:grass":1,"minecraft:grass_block":6,"minecraft:dirt":9,"minecraft:tall_grass":1,"minecraft:stone":12},"minecraft:used":{"minecraft:stone_pickaxe":9,"minecraft:string":2,"minecraft:wooden_pickaxe":3,"minecraft:rotten_flesh":2,"minecraft:stone_axe":11,"minecraft:salmon":11,"minecraft:dirt":15,"minecraft:crafting_table":1},"minecraft:crafted":{"minecraft:oak_planks":24,"minecraft:crafting_table":1,"minecraft:stick":12,"minecraft:wooden_pickaxe":1,"minecraft:stone_pickaxe":1,"minecraft:stone_axe":1}},"DataVersion":2586}