{"stats":{"minecraft:dropped":{"minecraft:spruce_log":1,"ultimateweapnsmod:ender_dust":1},"minecraft:crafted":{"minecraft:cooked_beef":8,"minecraft:oak_planks":24,"minecraft:crafting_table":1,"minecraft:stick":12,"minecraft:wooden_pickaxe":1,"minecraft:stone_pickaxe":1,"minecraft:furnace":1,"minecraft:stone_axe":1,"minecraft:air":0},"minecraft:mined":{"minecraft:hay_block":14,"minecraft:seagrass":2,"minecraft:tall_seagrass":2,"minecraft:white_bed":1,"minecraft:furnace":2,"minecraft:dandelion":1,"minecraft:crafting_table":2,"minecraft:grass":5,"minecraft:blast_furnace":1,"minecraft:grass_block":6,"minecraft:coal_ore":41,"minecraft:dirt":9,"minecraft:tall_grass":3,"minecraft:cobblestone":1,"minecraft:stone":81},"minecraft:custom":{"minecraft:time_since_rest":65547,"minecraft:interact_with_furnace":7,"minecraft:sprint_one_cm":126431,"minecraft:damage_taken":790,"minecraft:walk_one_cm":71399,"minecraft:mob_kills":28,"minecraft:drop":2,"minecraft:damage_dealt":3394,"minecraft:swim_one_cm":10392,"minecraft:interact_with_crafting_table":5,"minecraft:fly_one_cm":164972,"minecraft:play_one_minute":65547,"minecraft:crouch_one_cm":1256,"tombstone:undead_killed":2,"minecraft:sneak_time":427,"minecraft:walk_under_water_one_cm":9818,"minecraft:jump":722,"minecraft:leave_game":5,"minecraft:time_since_death":65547,"minecraft:walk_on_water_one_cm":15136,"minecraft:fall_one_cm":13888},"minecraft:used":{"minecraft:stone_pickaxe":123,"minecraft:string":2,"minecraft:poppy":1,"minecraft:wooden_pickaxe":3,"minecraft:rotten_flesh":2,"minecraft:salmon":11,"minecraft:stone_axe":34,"minecraft:dirt":15,"minecraft:cobblestone":1,"minecraft:crafting_table":2,"minecraft:furnace":1,"minecraft:porkchop":5,"minecraft:white_bed":1,"minecraft:egg":3,"minecraft:cooked_beef":7},"minecraft:killed":{"minecraft:skeleton":2,"minecraft:pig":3,"minecraft:salmon":11,"ultimateweapnsmod:ender_assasin":6,"minecraft:spider":1,"minecraft:cow":4},"minecraft:picked_up":{"minecraft:crafting_table":2,"minecraft:salmon":11,"minecraft:leather":3,"minecraft:dandelion":1,"minecraft:porkchop":5,"minecraft:oak_log":6,"minecraft:blast_furnace":1,"minecraft:white_bed":1,"minecraft:spruce_log":1,"minecraft:dirt":15,"minecraft:string":2,"minecraft:bone":1,"minecraft:arrow":1,"minecraft:rotten_flesh":2,"ultimateweapnsmod:ender_dust":7,"minecraft:hay_block":17,"minecraft:beef":8,"minecraft:poppy":1,"minecraft:coal":61,"minecraft:furnace":2,"minecraft:cobblestone":83,"minecraft:egg":3}},"DataVersion":2586}