{"stats":{"minecraft:picked_up":{"minecraft:dirt":2},"minecraft:used":{"minecraft:dirt":2},"minecraft:mined":{"minecraft:grass_block":2},"minecraft:custom":{"minecraft:jump":95,"minecraft:time_since_rest":6667,"minecraft:walk_on_water_one_cm":445,"minecraft:play_one_minute":6667,"minecraft:leave_game":1,"minecraft:sprint_one_cm":19179,"minecraft:damage_taken":10,"minecraft:time_since_death":6667,"minecraft:walk_one_cm":3145,"minecraft:fall_one_cm":1935,"minecraft:fly_one_cm":25639}},"DataVersion":2586}