{"stats":{"minecraft:killed":{"minecraft:spider":1,"ultimateweapnsmod:ender_assasin":1,"minecraft:salmon":6},"minecraft:custom":{"minecraft:time_since_rest":34659,"minecraft:play_one_minute":34659,"minecraft:sprint_one_cm":33971,"minecraft:damage_taken":130,"minecraft:walk_one_cm":8865,"minecraft:sneak_time":77,"minecraft:walk_under_water_one_cm":4028,"minecraft:mob_kills":8,"minecraft:jump":223,"minecraft:damage_dealt":650,"minecraft:leave_game":3,"minecraft:walk_on_water_one_cm":12033,"minecraft:time_since_death":34659,"minecraft:swim_one_cm":3964,"minecraft:fall_one_cm":4143,"minecraft:fly_one_cm":52922},"minecraft:picked_up":{"minecraft:salmon":6,"ultimateweapnsmod:ender_dust":1,"minecraft:dirt":10,"minecraft:string":2},"minecraft:mined":{"minecraft:grass_block":5,"minecraft:dirt":5,"minecraft:tall_grass":1},"minecraft:used":{"minecraft:salmon":6,"minecraft:dirt":9,"minecraft:string":2}},"DataVersion":2586}