{"stats":{"minecraft:picked_up":{"minecraft:string":1,"ultimateweapnsmod:ender_dust":1,"minecraft:dirt":2},"minecraft:used":{"minecraft:dirt":2},"minecraft:mined":{"minecraft:tall_grass":1,"minecraft:grass_block":2},"minecraft:killed":{"ultimateweapnsmod:ender_assasin":1,"minecraft:spider":1},"minecraft:custom":{"minecraft:jump":172,"minecraft:time_since_rest":18667,"minecraft:damage_dealt":460,"minecraft:walk_on_water_one_cm":6704,"minecraft:play_one_minute":18667,"minecraft:leave_game":1,"minecraft:sprint_one_cm":28087,"minecraft:damage_taken":130,"minecraft:time_since_death":18667,"minecraft:walk_one_cm":5310,"minecraft:sneak_time":26,"minecraft:walk_under_water_one_cm":968,"minecraft:mob_kills":2,"minecraft:swim_one_cm":1553,"minecraft:fall_one_cm":3725,"minecraft:fly_one_cm":46892}},"DataVersion":2586}