{"stats":{"minecraft:custom":{"minecraft:time_since_rest":23477,"minecraft:interact_with_furnace":16,"minecraft:sprint_one_cm":112116,"minecraft:damage_taken":230,"minecraft:walk_one_cm":47871,"minecraft:mob_kills":15,"minecraft:drop":4,"minecraft:damage_dealt":1481,"minecraft:interact_with_crafting_table":8,"minecraft:fly_one_cm":166218,"minecraft:play_one_minute":23477,"minecraft:crouch_one_cm":1590,"tombstone:undead_killed":2,"minecraft:sneak_time":756,"minecraft:jump":741,"minecraft:walk_on_water_one_cm":70,"minecraft:leave_game":1,"minecraft:time_since_death":23477,"minecraft:fall_one_cm":24785},"minecraft:killed":{"minecraft:sheep":1,"minecraft:skeleton":1,"minecraft:zombie":1,"minecraft:pig":10,"minecraft:chicken":3},"minecraft:crafted":{"minecraft:oak_planks":48,"minecraft:cooked_porkchop":14,"minecraft:crafting_table":2,"minecraft:spruce_planks":20,"minecraft:stick":8,"minecraft:wooden_pickaxe":1,"minecraft:stone_pickaxe":1,"minecraft:stone_sword":1,"minecraft:furnace":2,"minecraft:stone_axe":1,"minecraft:air":0,"minecraft:cooked_mutton":1},"minecraft:mined":{"minecraft:spruce_log":6,"minecraft:grass":5,"minecraft:coal_ore":30,"minecraft:grass_block":1,"minecraft:oak_log":36,"minecraft:poppy":2,"minecraft:spruce_leaves":1,"minecraft:stone":42,"minecraft:oak_leaves":5},"minecraft:used":{"minecraft:cooked_mutton":1,"minecraft:stone_sword":43,"minecraft:apple":1,"minecraft:stone_pickaxe":69,"minecraft:wooden_pickaxe":3,"minecraft:stone_axe":41,"minecraft:crafting_table":2,"minecraft:furnace":2,"minecraft:cooked_porkchop":4,"minecraft:egg":1},"minecraft:picked_up":{"minecraft:stick":3,"minecraft:feather":4,"minecraft:chicken":3,"minecraft:porkchop":23,"minecraft:oak_log":31,"minecraft:spruce_log":5,"minecraft:dirt":1,"minecraft:bone":1,"minecraft:arrow":2,"minecraft:rotten_flesh":2,"minecraft:apple":2,"ultimateweapnsmod:ender_dust":1,"minecraft:poppy":2,"minecraft:oak_sapling":4,"minecraft:mutton":1,"minecraft:coal":30,"minecraft:white_wool":1,"minecraft:cobblestone":41,"minecraft:egg":2},"minecraft:dropped":{"minecraft:poppy":1,"minecraft:oak_log":1,"minecraft:rotten_flesh":2}},"DataVersion":2586}