{"stats":{"minecraft:custom":{"minecraft:time_since_rest":35477,"minecraft:interact_with_furnace":32,"minecraft:sprint_one_cm":133126,"minecraft:damage_taken":665,"minecraft:walk_one_cm":76009,"minecraft:mob_kills":22,"minecraft:drop":4,"minecraft:damage_dealt":3238,"minecraft:interact_with_crafting_table":17,"minecraft:fly_one_cm":202107,"minecraft:play_one_minute":35477,"minecraft:crouch_one_cm":2595,"tombstone:undead_killed":7,"minecraft:sneak_time":1262,"minecraft:jump":988,"minecraft:walk_on_water_one_cm":70,"minecraft:leave_game":1,"minecraft:time_since_death":35477,"minecraft:fall_one_cm":28874},"minecraft:broken":{"minecraft:stone_pickaxe":1},"minecraft:killed":{"minecraft:sheep":1,"minecraft:skeleton":1,"minecraft:zombie":6,"minecraft:pig":10,"minecraft:chicken":3,"ultimateweapnsmod:ender_assasin":2},"minecraft:crafted":{"minecraft:oak_planks":120,"minecraft:cooked_porkchop":23,"minecraft:crafting_table":4,"minecraft:spruce_planks":20,"minecraft:stick":16,"minecraft:wooden_pickaxe":1,"minecraft:cooked_chicken":3,"minecraft:stone_pickaxe":3,"minecraft:stone_sword":1,"minecraft:furnace":5,"minecraft:torch":16,"minecraft:stone_axe":1,"minecraft:air":0,"minecraft:cooked_mutton":1},"minecraft:mined":{"minecraft:spruce_log":6,"minecraft:torch":2,"minecraft:grass":7,"minecraft:coal_ore":32,"minecraft:grass_block":1,"minecraft:oak_log":36,"minecraft:poppy":2,"minecraft:spruce_leaves":1,"minecraft:stone":154,"minecraft:oak_planks":3,"minecraft:wall_torch":3,"minecraft:oak_leaves":5},"minecraft:used":{"minecraft:cooked_mutton":1,"minecraft:stone_sword":102,"minecraft:apple":1,"minecraft:stone_pickaxe":181,"minecraft:oak_planks":6,"minecraft:wooden_pickaxe":5,"minecraft:cooked_chicken":2,"minecraft:torch":6,"minecraft:stone_axe":46,"minecraft:crafting_table":4,"minecraft:furnace":5,"minecraft:cooked_porkchop":7,"minecraft:egg":2},"minecraft:picked_up":{"minecraft:stick":3,"minecraft:feather":4,"minecraft:chicken":3,"minecraft:torch":5,"minecraft:porkchop":23,"minecraft:oak_log":31,"tombstone:grave_dust":1,"minecraft:spruce_log":5,"minecraft:dirt":1,"minecraft:bone":1,"minecraft:arrow":2,"minecraft:rotten_flesh":8,"minecraft:apple":2,"ultimateweapnsmod:ender_dust":3,"minecraft:poppy":2,"minecraft:oak_sapling":4,"minecraft:oak_planks":3,"minecraft:mutton":1,"minecraft:coal":31,"minecraft:white_wool":1,"minecraft:cobblestone":153,"minecraft:egg":2},"minecraft:dropped":{"minecraft:poppy":1,"minecraft:oak_log":1,"minecraft:rotten_flesh":2}},"DataVersion":2586}