{"stats":{"minecraft:dropped":{"minecraft:oak_log":1,"minecraft:rotten_flesh":2},"minecraft:killed":{"minecraft:sheep":1,"minecraft:skeleton":1,"minecraft:zombie":1,"minecraft:pig":6,"minecraft:chicken":1},"minecraft:custom":{"minecraft:time_since_rest":7826,"minecraft:interact_with_furnace":2,"minecraft:sprint_one_cm":32473,"minecraft:damage_taken":210,"minecraft:walk_one_cm":24570,"minecraft:mob_kills":9,"minecraft:drop":3,"minecraft:damage_dealt":991,"minecraft:interact_with_crafting_table":4,"minecraft:fly_one_cm":36107,"minecraft:crouch_one_cm":378,"minecraft:play_one_minute":7826,"tombstone:undead_killed":2,"minecraft:sneak_time":295,"minecraft:jump":224,"minecraft:time_since_death":7826,"minecraft:fall_one_cm":3406},"minecraft:mined":{"minecraft:grass":1,"minecraft:oak_log":18,"minecraft:stone":17},"minecraft:picked_up":{"minecraft:feather":2,"minecraft:chicken":1,"minecraft:porkchop":14,"minecraft:oak_log":13,"minecraft:bone":1,"minecraft:arrow":2,"minecraft:rotten_flesh":2,"minecraft:apple":1,"minecraft:oak_sapling":3,"minecraft:mutton":1,"minecraft:white_wool":1,"minecraft:cobblestone":17},"minecraft:crafted":{"minecraft:oak_planks":32,"minecraft:crafting_table":1,"minecraft:stick":8,"minecraft:wooden_pickaxe":1,"minecraft:stone_pickaxe":1,"minecraft:stone_sword":1,"minecraft:furnace":1,"minecraft:stone_axe":1,"minecraft:air":0,"minecraft:cooked_mutton":1},"minecraft:used":{"minecraft:cooked_mutton":1,"minecraft:apple":1,"minecraft:stone_sword":23,"minecraft:stone_pickaxe":14,"minecraft:wooden_pickaxe":3,"minecraft:stone_axe":10,"minecraft:crafting_table":1,"minecraft:furnace":1}},"DataVersion":2586}