{"stats":{"minecraft:dropped":{"tombstone:grave_key":1},"minecraft:killed_by":{"minecraft:skeleton":1},"minecraft:crafted":{"minecraft:oak_planks":16,"minecraft:crafting_table":1,"minecraft:stick":4,"minecraft:wooden_pickaxe":2},"minecraft:mined":{"minecraft:hay_block":17,"minecraft:grass":5,"minecraft:oak_log":4,"minecraft:white_bed":3,"minecraft:oak_planks":2},"minecraft:custom":{"minecraft:time_since_rest":1392,"minecraft:open_chest":1,"minecraft:play_one_minute":6672,"minecraft:crouch_one_cm":2306,"minecraft:deaths":1,"minecraft:sprint_one_cm":21019,"minecraft:damage_taken":461,"minecraft:walk_one_cm":21953,"minecraft:sneak_time":399,"minecraft:drop":1,"minecraft:jump":116,"minecraft:leave_game":1,"minecraft:interact_with_stonecutter":1,"minecraft:damage_dealt":175,"minecraft:time_since_death":1367,"minecraft:interact_with_crafting_table":1,"minecraft:talked_to_villager":5,"minecraft:fall_one_cm":1730,"minecraft:fly_one_cm":28650},"minecraft:used":{"minecraft:crafting_table":1,"minecraft:bread":4,"minecraft:oak_planks":2,"tombstone:gift":1,"minecraft:white_bed":3},"minecraft:picked_up":{"minecraft:hay_block":14,"minecraft:oak_log":4,"tombstone:grave_key":1,"minecraft:white_bed":3,"minecraft:oak_planks":14}},"DataVersion":2586}