{
  "minecraft:recipes/decorations/smoker": {
    "criteria": {
      "has_furnace": "2024-11-14 06:05:54 +0000"
    },
    "done": true
  },
  "minecraft:recipes/food/cooked_mutton_from_campfire_cooking": {
    "criteria": {
      "has_mutton": "2024-11-14 06:07:31 +0000"
    },
    "done": true
  },
  "minecraft:recipes/building_blocks/purple_wool": {
    "criteria": {
      "has_white_wool": "2024-11-14 06:07:31 +0000"
    },
    "done": true
  },
  "minecraft:recipes/redstone/lever": {
    "criteria": {
      "has_cobblestone": "2024-11-14 06:05:01 +0000"
    },
    "done": true
  },
  "miniutilities:recipes/miniutilities/feather_angel_ring": {
    "criteria": {
      "has_item": "2024-11-14 06:05:01 +0000"
    },
    "done": true
  },
  "minecraft:recipes/building_blocks/cobblestone_stairs_from_cobblestone_stonecutting": {
    "criteria": {
      "has_cobblestone": "2024-11-14 06:05:01 +0000"
    },
    "done": true
  },
  "farmersdelight:recipes/farmersdelight/organic_compost_from_rotten_flesh": {
    "criteria": {
      "has_rotten_flesh": "2024-11-14 06:06:25 +0000"
    },
    "done": true
  },
  "obscure_api:recipes/obscure_book": {
    "criteria": {
      "has_item": "2024-11-14 06:03:37 +0000"
    },
    "done": true
  },
  "miniutilities:recipes/miniutilities/emerald_opinium_core": {
    "criteria": {
      "has_item": "2024-11-14 06:05:01 +0000"
    },
    "done": true
  },
  "miniutilities:recipes/miniutilities/dark_reverse_ethereal_glass": {
    "criteria": {
      "has_item": "2024-11-14 06:05:01 +0000"
    },
    "done": true
  },
  "miniutilities:recipes/miniutilities/reverse_to_regular": {
    "criteria": {
      "has_item": "2024-11-14 06:05:01 +0000"
    },
    "done": true
  },
  "minecraft:recipes/decorations/white_bed": {
    "criteria": {
      "has_white_wool": "2024-11-14 06:07:31 +0000"
    },
    "done": true
  },
  "miniutilities:recipes/miniutilities/ender_tile": {
    "criteria": {
      "has_item": "2024-11-14 06:05:01 +0000"
    },
    "done": true
  },
  "miniutilities:recipes/miniutilities/gray_lapis_caelestis": {
    "criteria": {
      "has_item": "2024-11-14 06:05:01 +0000"
    },
    "done": true
  },
  "miniutilities:recipes/miniutilities/magical_egg": {
    "criteria": {
      "has_item": "2024-11-14 06:05:01 +0000"
    },
    "done": true
  },
  "miniutilities:recipes/miniutilities/iron_opinium_core": {
    "criteria": {
      "has_item": "2024-11-14 06:05:01 +0000"
    },
    "done": true
  },
  "miniutilities:recipes/miniutilities/gold_spikes": {
    "criteria": {
      "has_item": "2024-11-14 06:05:01 +0000"
    },
    "done": true
  },
  "miniutilities:recipes/miniutilities/ethereal_glass": {
    "criteria": {
      "has_item": "2024-11-14 06:05:01 +0000"
    },
    "done": true
  },
  "minecraft:recipes/building_blocks/magenta_wool": {
    "criteria": {
      "has_white_wool": "2024-11-14 06:07:31 +0000"
    },
    "done": true
  },
  "minecraft:recipes/decorations/campfire": {
    "criteria": {
      "has_stick": "2024-11-14 06:04:58 +0000"
    },
    "done": true
  },
  "minecraft:recipes/decorations/crafting_table": {
    "criteria": {
      "has_planks": "2024-11-14 06:04:44 +0000"
    },
    "done": true
  },
  "iceandfire:iceandfire/root": {
    "criteria": {
      "tick": "2024-11-14 06:02:22 +0000"
    },
    "done": true
  },
  "minecraft:recipes/decorations/ladder": {
    "criteria": {
      "has_stick": "2024-11-14 06:04:58 +0000"
    },
    "done": true
  },
  "miniutilities:recipes/miniutilities/diamond_spikes": {
    "criteria": {
      "has_item": "2024-11-14 06:05:01 +0000"
    },
    "done": true
  },
  "minecraft:recipes/decorations/chest": {
    "criteria": {
      "has_lots_of_items": "2024-11-14 06:05:54 +0000"
    },
    "done": true
  },
  "miniutilities:recipes/miniutilities/infused_boots": {
    "criteria": {
      "has_item": "2024-11-14 06:05:01 +0000"
    },
    "done": true
  },
  "miniutilities:recipes/miniutilities/chorus_opinium_core": {
    "criteria": {
      "has_item": "2024-11-14 06:05:01 +0000"
    },
    "done": true
  },
  "minecraft:recipes/tools/wooden_shovel": {
    "criteria": {
      "has_stick": "2024-11-14 06:04:58 +0000"
    },
    "done": true
  },
  "minecraft:recipes/decorations/torch": {
    "criteria": {
      "has_stone_pickaxe": "2024-11-14 06:05:10 +0000"
    },
    "done": true
  },
  "miniutilities:recipes/miniutilities/unstable_block": {
    "criteria": {
      "has_item": "2024-11-14 06:05:01 +0000"
    },
    "done": true
  },
  "miniutilities:recipes/miniutilities/blue_lapis_caelestis": {
    "criteria": {
      "has_item": "2024-11-14 06:05:01 +0000"
    },
    "done": true
  },
  "minecraft:recipes/building_blocks/cyan_wool": {
    "criteria": {
      "has_white_wool": "2024-11-14 06:07:31 +0000"
    },
    "done": true
  },
  "minecraft:recipes/misc/stick": {
    "criteria": {
      "has_planks": "2024-11-14 06:04:44 +0000"
    },
    "done": true
  },
  "miniutilities:recipes/miniutilities/solar_panel": {
    "criteria": {
      "has_item": "2024-11-14 06:05:01 +0000"
    },
    "done": true
  },
  "miniutilities:recipes/miniutilities/brown_lapis_caelestis": {
    "criteria": {
      "has_item": "2024-11-14 06:05:01 +0000"
    },
    "done": true
  },
  "miniutilities:recipes/miniutilities/angel_ring": {
    "criteria": {
      "has_item": "2024-11-14 06:05:01 +0000"
    },
    "done": true
  },
  "miniutilities:recipes/miniutilities/bat_angel_ring": {
    "criteria": {
      "has_item": "2024-11-14 06:05:01 +0000"
    },
    "done": true
  },
  "miniutilities:recipes/miniutilities/unstable_ingot": {
    "criteria": {
      "has_item": "2024-11-14 06:05:01 +0000"
    },
    "done": true
  },
  "minecraft:recipes/building_blocks/gray_wool": {
    "criteria": {
      "has_white_wool": "2024-11-14 06:07:31 +0000"
    },
    "done": true
  },
  "miniutilities:recipes/miniutilities/mechanical_placer": {
    "criteria": {
      "has_item": "2024-11-14 06:05:01 +0000"
    },
    "done": true
  },
  "minecraft:husbandry/balanced_diet": {
    "criteria": {
      "cooked_mutton": "2024-11-14 06:08:05 +0000",
      "apple": "2024-11-14 06:06:07 +0000"
    },
    "done": false
  },
  "minecraft:recipes/tools/wooden_hoe": {
    "criteria": {
      "has_stick": "2024-11-14 06:04:58 +0000"
    },
    "done": true
  },
  "minecraft:recipes/building_blocks/cobblestone_slab": {
    "criteria": {
      "has_cobblestone": "2024-11-14 06:05:01 +0000"
    },
    "done": true
  },
  "miniutilities:recipes/miniutilities/unstable_leggings": {
    "criteria": {
      "has_item": "2024-11-14 06:05:01 +0000"
    },
    "done": true
  },
  "miniutilities:recipes/miniutilities/wooden_spikes": {
    "criteria": {
      "has_item": "2024-11-14 06:05:01 +0000"
    },
    "done": true
  },
  "miniutilities:recipes/miniutilities/blursed_earth": {
    "criteria": {
      "has_item": "2024-11-14 06:05:01 +0000"
    },
    "done": true
  },
  "minecraft:recipes/building_blocks/cobblestone_stairs": {
    "criteria": {
      "has_cobblestone": "2024-11-14 06:05:01 +0000"
    },
    "done": true
  },
  "miniutilities:recipes/miniutilities/iron_spikes": {
    "criteria": {
      "has_item": "2024-11-14 06:05:01 +0000"
    },
    "done": true
  },
  "miniutilities:recipes/miniutilities/unstable_drum": {
    "criteria": {
      "has_item": "2024-11-14 06:05:01 +0000"
    },
    "done": true
  },
  "miniutilities:recipes/miniutilities/iron_drum": {
    "criteria": {
      "has_item": "2024-11-14 06:05:01 +0000"
    },
    "done": true
  },
  "miniutilities:recipes/misc/ender_dust_to_ender_pearl": {
    "criteria": {
      "has_item": "2024-11-14 06:05:01 +0000"
    },
    "done": true
  },
  "minecraft:recipes/decorations/white_banner": {
    "criteria": {
      "has_white_wool": "2024-11-14 06:07:31 +0000"
    },
    "done": true
  },
  "miniutilities:recipes/miniutilities/ender_pearl_block": {
    "criteria": {
      "has_item": "2024-11-14 06:05:01 +0000"
    },
    "done": true
  },
  "miniutilities:recipes/miniutilities/regular_to_reverse": {
    "criteria": {
      "has_item": "2024-11-14 06:05:01 +0000"
    },
    "done": true
  },
  "miniutilities:recipes/miniutilities/mechanical_miner": {
    "criteria": {
      "has_item": "2024-11-14 06:05:01 +0000"
    },
    "done": true
  },
  "miniutilities:recipes/miniutilities/erosion_shovel": {
    "criteria": {
      "has_item": "2024-11-14 06:05:01 +0000"
    },
    "done": true
  },
  "miniutilities:recipes/miniutilities/gold_opinium_core": {
    "criteria": {
      "has_item": "2024-11-14 06:05:01 +0000"
    },
    "done": true
  },
  "miniutilities:recipes/miniutilities/green_lapis_caelestis": {
    "criteria": {
      "has_item": "2024-11-14 06:05:01 +0000"
    },
    "done": true
  },
  "miniutilities:recipes/miniutilities/solar_panel_controller": {
    "criteria": {
      "has_item": "2024-11-14 06:05:01 +0000"
    },
    "done": true
  },
  "sophisticatedbackpacks:recipes/sophisticatedbackpacks/blasting_upgrade": {
    "criteria": {
      "has_upgrade_base": "2024-11-14 06:03:37 +0000"
    },
    "done": true
  },
  "miniutilities:recipes/miniutilities/unpack2x": {
    "criteria": {
      "has_item": "2024-11-14 06:05:01 +0000"
    },
    "done": true
  },
  "minecraft:recipes/food/cooked_chicken_from_smoking": {
    "criteria": {
      "has_chicken": "2024-11-14 06:08:51 +0000"
    },
    "done": true
  },
  "minecraft:recipes/redstone/oak_fence_gate": {
    "criteria": {
      "has_planks": "2024-11-14 06:04:44 +0000"
    },
    "done": true
  },
  "sophisticatedbackpacks:recipes/sophisticatedbackpacks/auto_smoking_upgrade": {
    "criteria": {
      "has_smoking_upgrade": "2024-11-14 06:03:37 +0000"
    },
    "done": true
  },
  "miniutilities:recipes/miniutilities/experience_pearl_1x": {
    "criteria": {
      "has_item": "2024-11-14 06:05:01 +0000"
    },
    "done": true
  },
  "miniutilities:recipes/miniutilities/etheric_sword": {
    "criteria": {
      "has_item": "2024-11-14 06:05:01 +0000"
    },
    "done": true
  },
  "minecraft:recipes/building_blocks/blue_wool": {
    "criteria": {
      "has_white_wool": "2024-11-14 06:07:31 +0000"
    },
    "done": true
  },
  "miniutilities:recipes/miniutilities/destruction_pickaxe": {
    "criteria": {
      "has_item": "2024-11-14 06:05:01 +0000"
    },
    "done": true
  },
  "minecraft:story/mine_stone": {
    "criteria": {
      "get_stone": "2024-11-14 06:05:01 +0000"
    },
    "done": true
  },
  "miniutilities:recipes/miniutilities/kikoku": {
    "criteria": {
      "has_item": "2024-11-14 06:05:01 +0000"
    },
    "done": true
  },
  "minecraft:recipes/decorations/furnace": {
    "criteria": {
      "has_cobblestone": "2024-11-14 06:05:01 +0000"
    },
    "done": true
  },
  "miniutilities:recipes/miniutilities/purple_lapis_caelestis": {
    "criteria": {
      "has_item": "2024-11-14 06:05:01 +0000"
    },
    "done": true
  },
  "miniutilities:recipes/miniutilities/experience_pearl_2x": {
    "criteria": {
      "has_item": "2024-11-14 06:05:01 +0000"
    },
    "done": true
  },
  "minecraft:recipes/misc/charcoal": {
    "criteria": {
      "has_log": "2024-11-14 06:04:03 +0000"
    },
    "done": true
  },
  "minecraft:recipes/building_blocks/orange_wool": {
    "criteria": {
      "has_white_wool": "2024-11-14 06:07:31 +0000"
    },
    "done": true
  },
  "minecraft:recipes/tools/wooden_pickaxe": {
    "criteria": {
      "has_the_recipe": "2024-11-14 06:04:57 +0000"
    },
    "done": true
  },
  "minecraft:recipes/building_blocks/cobblestone_slab_from_cobblestone_stonecutting": {
    "criteria": {
      "has_cobblestone": "2024-11-14 06:05:01 +0000"
    },
    "done": true
  },
  "sophisticatedbackpacks:recipes/sophisticatedbackpacks/smoking_upgrade_from_smelting_upgrade": {
    "criteria": {
      "has_smelting_upgrade": "2024-11-14 06:03:37 +0000"
    },
    "done": true
  },
  "miniutilities:recipes/miniutilities/unpack1x": {
    "criteria": {
      "has_item": "2024-11-14 06:05:01 +0000"
    },
    "done": true
  },
  "minecraft:husbandry/root": {
    "criteria": {
      "consumed_item": "2024-11-14 06:06:07 +0000"
    },
    "done": true
  },
  "minecraft:recipes/building_blocks/oak_stairs": {
    "criteria": {
      "has_planks": "2024-11-14 06:04:44 +0000"
    },
    "done": true
  },
  "farmersdelight:recipes/farmersdelight/roasted_mutton_chops": {
    "criteria": {
      "has_mutton": "2024-11-14 06:08:03 +0000"
    },
    "done": true
  },
  "miniutilities:recipes/miniutilities/dark_reverse_to_dark_regular": {
    "criteria": {
      "has_item": "2024-11-14 06:05:01 +0000"
    },
    "done": true
  },
  "farmersdelight:recipes/farmersdelight/cutting_board": {
    "criteria": {
      "has_stick": "2024-11-14 06:04:58 +0000"
    },
    "done": true
  },
  "sophisticatedbackpacks:recipes/sophisticatedbackpacks/auto_blasting_upgrade_from_auto_smelting_upgrade": {
    "criteria": {
      "has_auto_smelting_upgrade": "2024-11-14 06:03:37 +0000"
    },
    "done": true
  },
  "minecraft:adventure/root": {
    "criteria": {
      "killed_something": "2024-11-14 06:06:24 +0000"
    },
    "done": true
  },
  "miniutilities:recipes/miniutilities/chorus_tile": {
    "criteria": {
      "has_item": "2024-11-14 06:05:01 +0000"
    },
    "done": true
  },
  "miniutilities:recipes/miniutilities/netherite_reinforced_drum": {
    "criteria": {
      "has_item": "2024-11-14 06:05:01 +0000"
    },
    "done": true
  },
  "miniutilities:recipes/miniutilities/unpack4x": {
    "criteria": {
      "has_item": "2024-11-14 06:05:01 +0000"
    },
    "done": true
  },
  "miniutilities:recipes/miniutilities/experience_pearl_3x": {
    "criteria": {
      "has_item": "2024-11-14 06:05:01 +0000"
    },
    "done": true
  },
  "farmersdelight:main/root": {
    "criteria": {
      "seeds": "2024-11-14 06:03:37 +0000"
    },
    "done": true
  },
  "miniutilities:recipes/miniutilities/cursed_earth": {
    "criteria": {
      "has_item": "2024-11-14 06:05:01 +0000"
    },
    "done": true
  },
  "minecraft:recipes/tools/stone_hoe": {
    "criteria": {
      "has_cobblestone": "2024-11-14 06:05:01 +0000"
    },
    "done": true
  },
  "miniutilities:recipes/miniutilities/angel_block": {
    "criteria": {
      "has_item": "2024-11-14 06:05:01 +0000"
    },
    "done": true
  },
  "minecraft:adventure/kill_all_mobs": {
    "criteria": {
      "minecraft:zombie": "2024-11-14 06:06:24 +0000"
    },
    "done": false
  },
  "minecraft:recipes/decorations/white_carpet": {
    "criteria": {
      "has_white_wool": "2024-11-14 06:07:31 +0000"
    },
    "done": true
  },
  "minecraft:recipes/food/cooked_chicken_from_campfire_cooking": {
    "criteria": {
      "has_chicken": "2024-11-14 06:08:51 +0000"
    },
    "done": true
  },
  "miniutilities:recipes/miniutilities/dark_ethereal_glass": {
    "criteria": {
      "has_item": "2024-11-14 06:05:01 +0000"
    },
    "done": true
  },
  "minecraft:recipes/food/cooked_mutton_from_smoking": {
    "criteria": {
      "has_mutton": "2024-11-14 06:07:31 +0000"
    },
    "done": true
  },
  "miniutilities:recipes/miniutilities/white_lapis_caelestis": {
    "criteria": {
      "has_item": "2024-11-14 06:05:01 +0000"
    },
    "done": true
  },
  "miniutilities:recipes/miniutilities/experience_pearl_4x": {
    "criteria": {
      "has_item": "2024-11-14 06:05:01 +0000"
    },
    "done": true
  },
  "miniutilities:recipes/miniutilities/stone_drum": {
    "criteria": {
      "has_item": "2024-11-14 06:05:01 +0000"
    },
    "done": true
  },
  "miniutilities:recipes/miniutilities/unpack3x": {
    "criteria": {
      "has_item": "2024-11-14 06:05:01 +0000"
    },
    "done": true
  },
  "miniutilities:recipes/miniutilities/the_final_opinium_core": {
    "criteria": {
      "has_item": "2024-11-14 06:05:01 +0000"
    },
    "done": true
  },
  "minecraft:story/upgrade_tools": {
    "criteria": {
      "stone_pickaxe": "2024-11-14 06:05:10 +0000"
    },
    "done": true
  },
  "miniutilities:recipes/miniutilities/healing_axe": {
    "criteria": {
      "has_item": "2024-11-14 06:05:01 +0000"
    },
    "done": true
  },
  "minecraft:recipes/decorations/oak_fence": {
    "criteria": {
      "has_planks": "2024-11-14 06:04:44 +0000"
    },
    "done": true
  },
  "miniutilities:recipes/miniutilities/dark_glass": {
    "criteria": {
      "has_item": "2024-11-14 06:05:01 +0000"
    },
    "done": true
  },
  "minecraft:recipes/food/cooked_porkchop": {
    "criteria": {
      "has_porkchop": "2024-11-14 06:08:23 +0000"
    },
    "done": true
  },
  "minecraft:recipes/building_blocks/oak_slab": {
    "criteria": {
      "has_planks": "2024-11-14 06:04:44 +0000"
    },
    "done": true
  },
  "minecraft:recipes/food/cooked_porkchop_from_campfire_cooking": {
    "criteria": {
      "has_porkchop": "2024-11-14 06:08:23 +0000"
    },
    "done": true
  },
  "miniutilities:recipes/miniutilities/experience_pearl_5x": {
    "criteria": {
      "has_item": "2024-11-14 06:05:01 +0000"
    },
    "done": true
  },
  "minecraft:recipes/tools/wooden_axe": {
    "criteria": {
      "has_stick": "2024-11-14 06:04:58 +0000"
    },
    "done": true
  },
  "miniutilities:recipes/miniutilities/diamond_opinium_core": {
    "criteria": {
      "has_item": "2024-11-14 06:05:01 +0000"
    },
    "done": true
  },
  "minecraft:recipes/building_blocks/lime_wool": {
    "criteria": {
      "has_white_wool": "2024-11-14 06:07:31 +0000"
    },
    "done": true
  },
  "miniutilities:recipes/miniutilities/unpack6x": {
    "criteria": {
      "has_item": "2024-11-14 06:05:01 +0000"
    },
    "done": true
  },
  "minecraft:recipes/building_blocks/black_wool": {
    "criteria": {
      "has_white_wool": "2024-11-14 06:07:31 +0000"
    },
    "done": true
  },
  "miniutilities:recipes/miniutilities/glowing_glass": {
    "criteria": {
      "has_item": "2024-11-14 06:05:01 +0000"
    },
    "done": true
  },
  "miniutilities:recipes/miniutilities/light_gray_lapis_caelestis": {
    "criteria": {
      "has_item": "2024-11-14 06:05:01 +0000"
    },
    "done": true
  },
  "minecraft:recipes/building_blocks/green_wool": {
    "criteria": {
      "has_white_wool": "2024-11-14 06:07:31 +0000"
    },
    "done": true
  },
  "miniutilities:recipes/miniutilities/unstable_helmet": {
    "criteria": {
      "has_item": "2024-11-14 06:05:01 +0000"
    },
    "done": true
  },
  "farmersdelight:recipes/farmersdelight/mutton_wrap": {
    "criteria": {
      "has_mutton": "2024-11-14 06:08:03 +0000"
    },
    "done": true
  },
  "minecraft:recipes/building_blocks/brown_wool": {
    "criteria": {
      "has_white_wool": "2024-11-14 06:07:31 +0000"
    },
    "done": true
  },
  "miniutilities:recipes/miniutilities/unpack5x": {
    "criteria": {
      "has_item": "2024-11-14 06:05:01 +0000"
    },
    "done": true
  },
  "aquamirae:adventure/root": {
    "criteria": {
      "crafting_table": "2024-11-14 06:04:49 +0000"
    },
    "done": true
  },
  "minecraft:recipes/miniutilities/netherite_spikes_smithing": {
    "criteria": {
      "has_cobblestone": "2024-11-14 06:05:01 +0000"
    },
    "done": true
  },
  "miniutilities:recipes/miniutilities/infused_chestplate": {
    "criteria": {
      "has_item": "2024-11-14 06:05:01 +0000"
    },
    "done": true
  },
  "miniutilities:recipes/miniutilities/nether_star_opinium_core": {
    "criteria": {
      "has_item": "2024-11-14 06:05:01 +0000"
    },
    "done": true
  },
  "miniutilities:recipes/miniutilities/experience_opinium_core": {
    "criteria": {
      "has_item": "2024-11-14 06:05:01 +0000"
    },
    "done": true
  },
  "minecraft:recipes/decorations/painting": {
    "criteria": {
      "has_wool": "2024-11-14 06:07:31 +0000"
    },
    "done": true
  },
  "miniutilities:recipes/miniutilities/experience_pearl_6x": {
    "criteria": {
      "has_item": "2024-11-14 06:05:01 +0000"
    },
    "done": true
  },
  "miniutilities:recipes/miniutilities/orange_lapis_caelestis": {
    "criteria": {
      "has_item": "2024-11-14 06:05:01 +0000"
    },
    "done": true
  },
  "miniutilities:recipes/miniutilities/light_blue_lapis_caelestis": {
    "criteria": {
      "has_item": "2024-11-14 06:05:01 +0000"
    },
    "done": true
  },
  "miniutilities:recipes/miniutilities/laser_port": {
    "criteria": {
      "has_item": "2024-11-14 06:05:01 +0000"
    },
    "done": true
  },
  "minecraft:recipes/combat/arrow": {
    "criteria": {
      "has_feather": "2024-11-14 06:08:51 +0000"
    },
    "done": true
  },
  "mowziesmobs:root": {
    "criteria": {
      "custom_test_name": "2024-11-14 06:02:22 +0000"
    },
    "done": true
  },
  "miniutilities:recipes/miniutilities/pink_lapis_caelestis": {
    "criteria": {
      "has_item": "2024-11-14 06:05:01 +0000"
    },
    "done": true
  },
  "minecraft:recipes/building_blocks/light_blue_wool": {
    "criteria": {
      "has_white_wool": "2024-11-14 06:07:31 +0000"
    },
    "done": true
  },
  "minecraft:recipes/combat/wooden_sword": {
    "criteria": {
      "has_stick": "2024-11-14 06:04:58 +0000"
    },
    "done": true
  },
  "minecraft:recipes/tools/stone_shovel": {
    "criteria": {
      "has_cobblestone": "2024-11-14 06:05:01 +0000"
    },
    "done": true
  },
  "minecraft:recipes/building_blocks/oak_planks": {
    "criteria": {
      "has_logs": "2024-11-14 06:04:03 +0000"
    },
    "done": true
  },
  "miniutilities:recipes/miniutilities/yellow_lapis_caelestis": {
    "criteria": {
      "has_item": "2024-11-14 06:05:01 +0000"
    },
    "done": true
  },
  "tombstone:adventure/root": {
    "criteria": {
      "auto": "2024-11-14 06:02:22 +0000"
    },
    "done": true
  },
  "miniutilities:recipes/miniutilities/unpack8x": {
    "criteria": {
      "has_item": "2024-11-14 06:05:01 +0000"
    },
    "done": true
  },
  "miniutilities:recipes/miniutilities/experience_pearl_7x": {
    "criteria": {
      "has_item": "2024-11-14 06:05:01 +0000"
    },
    "done": true
  },
  "sophisticatedbackpacks:recipes/sophisticatedbackpacks/blasting_upgrade_from_smelting_upgrade": {
    "criteria": {
      "has_smelting_upgrade": "2024-11-14 06:03:37 +0000"
    },
    "done": true
  },
  "miniutilities:recipes/miniutilities/quantum_quarry": {
    "criteria": {
      "has_item": "2024-11-14 06:05:01 +0000"
    },
    "done": true
  },
  "farmersdelight:recipes/farmersdelight/shepherds_pie_block": {
    "criteria": {
      "has_cooked_mutton": "2024-11-14 06:08:03 +0000"
    },
    "done": true
  },
  "minecraft:recipes/redstone/oak_pressure_plate": {
    "criteria": {
      "has_planks": "2024-11-14 06:04:44 +0000"
    },
    "done": true
  },
  "minecraft:recipes/misc/bone_meal": {
    "criteria": {
      "has_bone": "2024-11-14 06:03:37 +0000"
    },
    "done": true
  },
  "miniutilities:recipes/miniutilities/magenta_lapis_caelestis": {
    "criteria": {
      "has_item": "2024-11-14 06:05:01 +0000"
    },
    "done": true
  },
  "miniutilities:recipes/miniutilities/peacock_angel_ring": {
    "criteria": {
      "has_item": "2024-11-14 06:05:01 +0000"
    },
    "done": true
  },
  "miniutilities:recipes/miniutilities/lime_lapis_caelestis": {
    "criteria": {
      "has_item": "2024-11-14 06:05:01 +0000"
    },
    "done": true
  },
  "minecraft:recipes/building_blocks/oak_wood": {
    "criteria": {
      "has_log": "2024-11-14 06:04:03 +0000"
    },
    "done": true
  },
  "miniutilities:recipes/miniutilities/unstable_boots": {
    "criteria": {
      "has_item": "2024-11-14 06:05:01 +0000"
    },
    "done": true
  },
  "miniutilities:recipes/miniutilities/experience_pearl_8x": {
    "criteria": {
      "has_item": "2024-11-14 06:05:01 +0000"
    },
    "done": true
  },
  "miniutilities:recipes/miniutilities/unpack7x": {
    "criteria": {
      "has_item": "2024-11-14 06:05:01 +0000"
    },
    "done": true
  },
  "minecraft:story/root": {
    "criteria": {
      "crafting_table": "2024-11-14 06:04:49 +0000"
    },
    "done": true
  },
  "minecraft:recipes/combat/crossbow": {
    "criteria": {
      "has_stick": "2024-11-14 06:04:58 +0000"
    },
    "done": true
  },
  "sophisticatedbackpacks:recipes/sophisticatedbackpacks/smoking_upgrade": {
    "criteria": {
      "has_upgrade_base": "2024-11-14 06:03:37 +0000"
    },
    "done": true
  },
  "minecraft:recipes/building_blocks/yellow_wool": {
    "criteria": {
      "has_white_wool": "2024-11-14 06:07:31 +0000"
    },
    "done": true
  },
  "minecraft:recipes/decorations/oak_sign": {
    "criteria": {
      "has_oak_planks": "2024-11-14 06:04:44 +0000"
    },
    "done": true
  },
  "minecraft:recipes/food/cooked_porkchop_from_smoking": {
    "criteria": {
      "has_porkchop": "2024-11-14 06:08:23 +0000"
    },
    "done": true
  },
  "minecraft:recipes/redstone/oak_trapdoor": {
    "criteria": {
      "has_planks": "2024-11-14 06:04:44 +0000"
    },
    "done": true
  },
  "miniutilities:recipes/miniutilities/dark_regular_to_dark_reverse": {
    "criteria": {
      "has_item": "2024-11-14 06:05:01 +0000"
    },
    "done": true
  },
  "miniutilities:recipes/miniutilities/netherite_opinium_core": {
    "criteria": {
      "has_item": "2024-11-14 06:05:01 +0000"
    },
    "done": true
  },
  "miniutilities:recipes/miniutilities/laser_hub": {
    "criteria": {
      "has_item": "2024-11-14 06:05:01 +0000"
    },
    "done": true
  },
  "miniutilities:recipes/miniutilities/black_lapis_caelestis": {
    "criteria": {
      "has_item": "2024-11-14 06:05:01 +0000"
    },
    "done": true
  },
  "minecraft:adventure/kill_a_mob": {
    "criteria": {
      "minecraft:zombie": "2024-11-14 06:06:24 +0000"
    },
    "done": true
  },
  "minecraft:recipes/redstone/oak_button": {
    "criteria": {
      "has_planks": "2024-11-14 06:04:44 +0000"
    },
    "done": true
  },
  "miniutilities:recipes/miniutilities/infused_helmet": {
    "criteria": {
      "has_item": "2024-11-14 06:05:01 +0000"
    },
    "done": true
  },
  "farmersdelight:recipes/farmersdelight/flint_knife": {
    "criteria": {
      "has_stick": "2024-11-14 06:04:58 +0000"
    },
    "done": true
  },
  "minecraft:recipes/building_blocks/stone": {
    "criteria": {
      "has_cobblestone": "2024-11-14 06:05:01 +0000"
    },
    "done": true
  },
  "miniutilities:recipes/miniutilities/ender_lily_seeds": {
    "criteria": {
      "has_item": "2024-11-14 06:05:01 +0000"
    },
    "done": true
  },
  "minecraft:adventure/adventuring_time": {
    "criteria": {
      "minecraft:mountains": "2024-11-14 06:08:17 +0000",
      "minecraft:wooded_hills": "2024-11-14 06:02:22 +0000",
      "minecraft:plains": "2024-11-14 06:02:42 +0000"
    },
    "done": false
  },
  "storagedrawers:recipes/storagedrawers/oak_trim": {
    "criteria": {
      "has_planks": "2024-11-14 06:04:44 +0000"
    },
    "done": true
  },
  "minecraft:recipes/combat/stone_sword": {
    "criteria": {
      "has_cobblestone": "2024-11-14 06:05:01 +0000"
    },
    "done": true
  },
  "minecraft:recipes/decorations/cobblestone_wall": {
    "criteria": {
      "has_cobblestone": "2024-11-14 06:05:01 +0000"
    },
    "done": true
  },
  "minecraft:recipes/decorations/barrel": {
    "criteria": {
      "has_planks": "2024-11-14 06:04:44 +0000"
    },
    "done": true
  },
  "miniutilities:recipes/miniutilities/blessed_earth": {
    "criteria": {
      "has_item": "2024-11-14 06:05:01 +0000"
    },
    "done": true
  },
  "miniutilities:recipes/miniutilities/infused_leggings": {
    "criteria": {
      "has_item": "2024-11-14 06:05:01 +0000"
    },
    "done": true
  },
  "minecraft:recipes/tools/stone_pickaxe": {
    "criteria": {
      "has_cobblestone": "2024-11-14 06:05:01 +0000"
    },
    "done": true
  },
  "minecraft:recipes/redstone/oak_door": {
    "criteria": {
      "has_planks": "2024-11-14 06:04:44 +0000"
    },
    "done": true
  },
  "miniutilities:recipes/miniutilities/lunar_panel": {
    "criteria": {
      "has_item": "2024-11-14 06:05:01 +0000"
    },
    "done": true
  },
  "miniutilities:recipes/miniutilities/speed_upgrade": {
    "criteria": {
      "has_item": "2024-11-14 06:05:01 +0000"
    },
    "done": true
  },
  "minecraft:recipes/decorations/cobblestone_wall_from_cobblestone_stonecutting": {
    "criteria": {
      "has_cobblestone": "2024-11-14 06:05:01 +0000"
    },
    "done": true
  },
  "miniutilities:recipes/miniutilities/gold_angel_ring": {
    "criteria": {
      "has_item": "2024-11-14 06:05:01 +0000"
    },
    "done": true
  },
  "miniutilities:recipes/miniutilities/ender_dragon_angel_ring": {
    "criteria": {
      "has_item": "2024-11-14 06:05:01 +0000"
    },
    "done": true
  },
  "miniutilities:recipes/brewing/flame_lily_to_blaze_powder": {
    "criteria": {
      "has_item": "2024-11-14 06:05:01 +0000"
    },
    "done": true
  },
  "minecraft:recipes/building_blocks/pink_wool": {
    "criteria": {
      "has_white_wool": "2024-11-14 06:07:31 +0000"
    },
    "done": true
  },
  "sophisticatedbackpacks:recipes/sophisticatedbackpacks/auto_smoking_upgrade_from_auto_smelting_upgrade": {
    "criteria": {
      "has_auto_smelting_upgrade": "2024-11-14 06:03:37 +0000"
    },
    "done": true
  },
  "sophisticatedbackpacks:recipes/sophisticatedbackpacks/auto_blasting_upgrade": {
    "criteria": {
      "has_blasting_upgrade": "2024-11-14 06:03:37 +0000"
    },
    "done": true
  },
  "miniutilities:recipes/miniutilities/reversing_hoe": {
    "criteria": {
      "has_item": "2024-11-14 06:05:01 +0000"
    },
    "done": true
  },
  "miniutilities:recipes/miniutilities/reinforced_large_drum": {
    "criteria": {
      "has_item": "2024-11-14 06:05:01 +0000"
    },
    "done": true
  },
  "miniutilities:recipes/miniutilities/cyan_lapis_caelestis": {
    "criteria": {
      "has_item": "2024-11-14 06:05:01 +0000"
    },
    "done": true
  },
  "miniutilities:recipes/miniutilities/precision_shears": {
    "criteria": {
      "has_item": "2024-11-14 06:05:01 +0000"
    },
    "done": true
  },
  "miniutilities:recipes/miniutilities/red_lapis_caelestis": {
    "criteria": {
      "has_item": "2024-11-14 06:05:01 +0000"
    },
    "done": true
  },
  "minecraft:recipes/building_blocks/light_gray_wool": {
    "criteria": {
      "has_white_wool": "2024-11-14 06:07:31 +0000"
    },
    "done": true
  },
  "minecraft:recipes/food/cooked_chicken": {
    "criteria": {
      "has_chicken": "2024-11-14 06:08:51 +0000"
    },
    "done": true
  },
  "miniutilities:recipes/miniutilities/unstable_chestplate": {
    "criteria": {
      "has_item": "2024-11-14 06:05:01 +0000"
    },
    "done": true
  },
  "minecraft:recipes/building_blocks/red_wool": {
    "criteria": {
      "has_white_wool": "2024-11-14 06:07:31 +0000"
    },
    "done": true
  },
  "minecraft:recipes/decorations/soul_campfire": {
    "criteria": {
      "has_stick": "2024-11-14 06:04:58 +0000"
    },
    "done": true
  },
  "minecraft:recipes/tools/stone_axe": {
    "criteria": {
      "has_cobblestone": "2024-11-14 06:05:01 +0000"
    },
    "done": true
  },
  "minecraft:recipes/food/cooked_mutton": {
    "criteria": {
      "has_mutton": "2024-11-14 06:07:31 +0000"
    },
    "done": true
  },
  "miniutilities:recipes/miniutilities/redstone_glass": {
    "criteria": {
      "has_item": "2024-11-14 06:05:01 +0000"
    },
    "done": true
  },
  "miniutilities:recipes/miniutilities/smelting/ender_ore": {
    "criteria": {
      "has_item": "2024-11-14 06:05:01 +0000"
    },
    "done": true
  },
  "DataVersion": 2586
}